,Test_Mean,Test_StdDev,Train_Mean,Train_StdDev,Mean_Deltas,StdDev_Deltas
600,0.008818789063343664,0.004354572998626511,0.006612602560371238,0.0033685175249805227,0.0022061865029724265,0.0009860554736459879
650,0.008818789063343664,0.004354572998626511,0.006612602560371238,0.0033685175249805227,0.0022061865029724265,0.0009860554736459879
700,0.008818789063343664,0.004354572998626511,0.006612602560371238,0.0033685175249805227,0.0022061865029724265,0.0009860554736459879
750,0.008818789063343664,0.004354572998626511,0.006612602560371238,0.0033685175249805227,0.0022061865029724265,0.0009860554736459879
800,0.008818789063343664,0.004354572998626511,0.006612602560371238,0.0033685175249805227,0.0022061865029724265,0.0009860554736459879
850,0.008818789063343664,0.004354572998626511,0.006612602560371238,0.0033685175249805227,0.0022061865029724265,0.0009860554736459879
900,0.008818789063343664,0.004354572998626511,0.006612602560371238,0.0033685175249805227,0.0022061865029724265,0.0009860554736459879
950,0.008818789063343664,0.004354572998626511,0.006612602560371238,0.0033685175249805227,0.0022061865029724265,0.0009860554736459879
1000,0.008818789063343664,0.004354572998626511,0.006612602560371238,0.0033685175249805227,0.0022061865029724265,0.0009860554736459879
