,Test_Mean,Test_StdDev,Train_Mean,Train_StdDev,Mean_Deltas,StdDev_Deltas
600,0.010352147519472055,0.005583275071914006,0.010384747844873345,0.005626410001350889,3.260032540128993e-05,4.313492943688272e-05
650,0.010352147519472055,0.005583275071914006,0.010384747844873345,0.005626410001350889,3.260032540128993e-05,4.313492943688272e-05
700,0.010352147519472055,0.005583275071914006,0.010384747844873345,0.005626410001350889,3.260032540128993e-05,4.313492943688272e-05
750,0.010352147519472055,0.005583275071914006,0.010384747844873345,0.005626410001350889,3.260032540128993e-05,4.313492943688272e-05
800,0.010352147519472055,0.005583275071914006,0.010384747844873345,0.005626410001350889,3.260032540128993e-05,4.313492943688272e-05
850,0.010352147519472055,0.005583275071914006,0.010384747844873345,0.005626410001350889,3.260032540128993e-05,4.313492943688272e-05
900,0.010352147519472055,0.005583275071914006,0.010384747844873345,0.005626410001350889,3.260032540128993e-05,4.313492943688272e-05
950,0.010352147519472055,0.005583275071914006,0.010384747844873345,0.005626410001350889,3.260032540128993e-05,4.313492943688272e-05
1000,0.010352147519472055,0.005583275071914006,0.010384747844873345,0.005626410001350889,3.260032540128993e-05,4.313492943688272e-05
