,Test_Mean,Test_StdDev,Train_Mean,Train_StdDev,Mean_Deltas,StdDev_Deltas
600,0.021178339870064518,0.01881037097011122,0.0206634125256096,0.017976141527978714,0.0005149273444549178,0.0008342294421325065
650,0.021178339870064518,0.01881037097011122,0.0206634125256096,0.017976141527978714,0.0005149273444549178,0.0008342294421325065
700,0.021178339870064518,0.01881037097011122,0.0206634125256096,0.017976141527978714,0.0005149273444549178,0.0008342294421325065
750,0.021178339870064518,0.01881037097011122,0.0206634125256096,0.017976141527978714,0.0005149273444549178,0.0008342294421325065
800,0.021178339870064518,0.01881037097011122,0.0206634125256096,0.017976141527978714,0.0005149273444549178,0.0008342294421325065
850,0.021178339870064518,0.01881037097011122,0.0206634125256096,0.017976141527978714,0.0005149273444549178,0.0008342294421325065
900,0.021178339870064518,0.01881037097011122,0.0206634125256096,0.017976141527978714,0.0005149273444549178,0.0008342294421325065
950,0.021178339870064518,0.01881037097011122,0.0206634125256096,0.017976141527978714,0.0005149273444549178,0.0008342294421325065
1000,0.021178339870064518,0.01881037097011122,0.0206634125256096,0.017976141527978714,0.0005149273444549178,0.0008342294421325065
